type,geometry,lat,lon,activity_score
restaurant,POINT (30.065953 -1.9472923),-1.9472923000000002,30.065953000000004,1
restaurant,POINT (30.0815469 -1.9522126),-1.9522126,30.081546899999992,1
restaurant,POINT (30.0654579 -1.955897),-1.955897,30.065457900000002,1
restaurant,POINT (30.0628391 -1.9469864),-1.9469863999999995,30.0628391,1
supermarket,POINT (30.0805112 -1.965418),-1.9654180000000003,30.0805112,1
supermarket,POINT (30.0599043 -1.9460621),-1.9460621000000002,30.059904300000003,1
supermarket,POINT (30.0615291 -1.9458437),-1.9458437,30.0615291,1
supermarket,POINT (30.0557803 -1.9458715),-1.9458714999999998,30.05578029999999,1
bank,POINT (30.062501 -1.951466),-1.951466,30.062500999999997,1
restaurant,POINT (30.1094576 -1.9571198),-1.9571198,30.109457599999995,1
bank,POINT (30.0600806 -1.9471565),-1.9471565,30.0600806,1
cafe,POINT (30.0615017 -1.9455336),-1.9455336,30.061501700000004,1
supermarket,POINT (30.0590945 -1.9280683),-1.9280683,30.0590945,1
bar,POINT (30.103453 -1.96958),-1.9695800000000003,30.103453000000002,1
restaurant,POINT (30.0800812 -1.9495265),-1.9495264999999995,30.0800812,1
cafe,POINT (30.1033451 -1.9404434),-1.9404434,30.1033451,1
bank,POINT (30.0595449 -1.9477632),-1.9477632,30.05954489999999,1
restaurant,POINT (30.0562622 -1.9421606),-1.9421606,30.056262199999992,1
bar,POINT (30.0817286 -1.954729),-1.954729,30.081728599999998,1
bar,POINT (30.083869 -1.9509815),-1.9509815000000001,30.083869,1
bar,POINT (30.0737096 -1.9326535),-1.9326535,30.073709599999997,1
bar,POINT (30.0782269 -1.9724037),-1.9724036999999996,30.0782269,1
bank,POINT (30.1093531 -1.9590925),-1.9590924999999995,30.109353099999993,1
bank,POINT (30.109455 -1.9590925),-1.9590924999999995,30.109455,1
supermarket,POINT (30.0582802 -1.9470783),-1.9470783,30.058280200000002,1
bank,POINT (30.1153104 -1.9574189),-1.9574188999999995,30.1153104,1
bank,POINT (30.0638152 -1.9487165),-1.9487165000000004,30.063815199999997,1
restaurant,POINT (30.1150529 -1.9569632),-1.9569632000000001,30.1150529,1
bar,POINT (30.057626 -1.9523359),-1.9523359,30.057626000000003,1
restaurant,POINT (30.059874 -1.9503241),-1.9503241,30.059873999999997,1
bank,POINT (30.0613637 -1.948715),-1.9487149999999995,30.0613637,1
restaurant,POINT (30.1087845 -1.959315),-1.9593150000000004,30.1087845,1
bank,POINT (30.0543119 -1.973939),-1.9739389999999997,30.0543119,1
restaurant,POINT (30.0928711 -1.9471407),-1.9471406999999996,30.0928711,1
bar,POINT (30.0542475 -1.9739015),-1.9739015,30.054247500000002,1
restaurant,POINT (30.1086182 -1.9594946),-1.9594946000000002,30.1086182,1
cafe,POINT (30.0931984 -1.9509365),-1.9509364999999999,30.093198400000002,1
cafe,POINT (30.0929962 -1.9508422),-1.9508422,30.0929962,1
pharmacy,POINT (30.0929105 -1.95096),-1.9509600000000002,30.0929105,1
bank,POINT (30.0931823 -1.9508346),-1.9508346,30.0931823,1
bank,POINT (30.0616829 -1.9477071),-1.9477071,30.061682900000005,1
bar,POINT (30.0573105 -1.9693203),-1.9693203,30.057310500000003,1
restaurant,POINT (30.096755 -1.9526575),-1.9526575,30.096755000000005,1
bank,POINT (30.0602068 -1.9466349),-1.9466348999999996,30.060206800000003,1
bank,POINT (30.1047782 -1.9805982),-1.9805982,30.1047782,1
restaurant,POINT (30.0982812 -1.9508695),-1.9508695000000003,30.09828119999999,1
restaurant,POINT (30.1258542 -1.9688684),-1.9688684,30.1258542,1
restaurant,POINT (30.0591536 -1.9432829),-1.9432828999999998,30.05915359999999,1
bar,POINT (30.047692 -1.9781503),-1.9781502999999996,30.047691999999998,1
supermarket,POINT (30.0594786 -1.9437009),-1.9437009,30.0594786,1
restaurant,POINT (30.0597522 -1.9438031),-1.9438030999999998,30.059752200000002,1
bank,POINT (30.0598492 -1.9461854),-1.9461854,30.0598492,1
restaurant,POINT (30.1061252 -1.946185),-1.9461849999999996,30.1061252,1
cafe,POINT (30.1235299 -1.9507881),-1.9507881000000002,30.1235299,1
supermarket,POINT (30.0971824 -1.9254398),-1.9254397999999995,30.097182400000005,1
bar,POINT (30.0766177 -1.971235),-1.971235,30.076617699999996,1
supermarket,POINT (30.1086255 -1.9601494),-1.9601494,30.108625499999995,1
supermarket,POINT (30.1073227 -1.9607941),-1.9607940999999998,30.107322700000005,1
restaurant,POINT (30.1086278 -1.933393),-1.933393,30.108627800000004,1
bar,POINT (30.0778578 -1.9737667),-1.9737666999999999,30.0778578,1
bank,POINT (30.1114654 -1.9581971),-1.9581971,30.1114654,1
bar,POINT (30.1093305 -1.929367),-1.9293670000000003,30.109330499999995,1
bank,POINT (30.125765 -1.9488563),-1.9488563,30.125765,1
bank,POINT (30.125951 -1.9487571),-1.9487570999999997,30.125950999999997,1
bank,POINT (30.1105296 -1.9583364),-1.9583364000000003,30.110529599999996,1
supermarket,POINT (30.1113357 -1.9583009),-1.9583009000000002,30.111335699999994,1
bank,POINT (30.1095601 -1.9602363),-1.9602363,30.1095601,1
bank,POINT (30.1093294 -1.9603274),-1.9603273999999995,30.1093294,1
bank,POINT (30.1032357 -1.9684337),-1.9684337,30.103235699999995,1
restaurant,POINT (30.0657647 -1.9296904),-1.9296904000000001,30.065764699999995,1
restaurant,POINT (30.0806733 -1.9656945),-1.9656945,30.0806733,1
pharmacy,POINT (30.0720782 -1.9175408),-1.9175407999999998,30.0720782,1
cafe,POINT (30.0964279 -1.9253431),-1.9253431000000003,30.0964279,1
cafe,POINT (30.0912853 -1.9498517),-1.9498517000000002,30.091285299999996,1
cafe,POINT (30.0740941 -1.9486692),-1.9486692000000003,30.074094099999996,1
restaurant,POINT (30.1061248 -1.9460418),-1.9460417999999995,30.106124799999996,1
restaurant,POINT (30.0781417 -1.9502353),-1.9502353,30.0781417,1
restaurant,POINT (30.0688175 -1.9458375),-1.9458375,30.068817499999994,1
restaurant,POINT (30.0578131 -1.9520922),-1.9520922,30.0578131,1
restaurant,POINT (30.0768159 -1.9612048),-1.9612048000000002,30.0768159,1
restaurant,POINT (30.1103374 -1.9311962),-1.9311962,30.1103374,1
restaurant,POINT (30.0673169 -1.9465596),-1.9465595999999996,30.067316899999998,1
restaurant,POINT (30.104518 -1.9603249),-1.9603249,30.104518,1
restaurant,POINT (30.0644162 -1.9302713),-1.9302713,30.064416200000004,1
bar,POINT (30.0787547 -1.9344952),-1.9344952,30.0787547,1
cafe,POINT (30.0928292 -1.9477598),-1.9477598,30.092829200000004,1
restaurant,POINT (30.0587685 -1.9436787),-1.9436787,30.058768499999996,1
restaurant,POINT (30.105118 -1.9588177),-1.9588177,30.105118,1
supermarket,POINT (30.0763628 -1.9127495),-1.9127495,30.0763628,1
bar,POINT (30.0868461 -1.9132211),-1.9132211000000001,30.0868461,1
restaurant,POINT (30.0590678 -1.9651606),-1.9651605999999997,30.0590678,1
supermarket,POINT (30.0768071 -1.9611102),-1.9611101999999996,30.0768071,1
restaurant,POINT (30.1022366 -1.9445164),-1.9445163999999995,30.102236599999998,1
bar,POINT (30.1147283 -1.9580289),-1.9580289000000002,30.114728300000003,1
bank,POINT (30.0570628 -1.9466851),-1.9466851,30.057062799999994,1
supermarket,POINT (30.0573279 -1.9466465),-1.9466465,30.057327900000004,1
restaurant,POINT (30.0950916 -1.961654),-1.9616539999999996,30.0950916,1
restaurant,POINT (30.0838818 -1.9310358),-1.9310358,30.083881800000004,1
restaurant,POINT (30.0592467 -1.9476841),-1.9476841,30.0592467,1
restaurant,POINT (30.0595405 -1.9642409),-1.9642409,30.059540500000004,1
supermarket,POINT (30.097062 -1.9552064),-1.9552064,30.097062,1
supermarket,POINT (30.0609472 -1.9462186),-1.9462186,30.060947199999994,1
restaurant,POINT (30.1015387 -1.9385624),-1.9385624000000001,30.101538699999995,1
restaurant,POINT (30.0778619 -1.9382271),-1.9382271,30.077861900000002,1
restaurant,POINT (30.0782476 -1.9345273),-1.9345272999999998,30.0782476,1
restaurant,POINT (30.0885049 -1.9377517),-1.9377516999999997,30.0885049,1
cafe,POINT (30.0845724 -1.9358144),-1.9358144000000002,30.084572400000003,1
supermarket,POINT (30.1069614 -1.959698),-1.959698,30.106961400000003,1
restaurant,POINT (30.1066354 -1.9595448),-1.9595448,30.10663539999999,1
pharmacy,POINT (30.0598657 -1.935812),-1.9358119999999996,30.0598657,1
supermarket,POINT (30.1028319 -1.9688061),-1.9688061,30.102831899999995,1
supermarket,POINT (30.0585655 -1.9429309),-1.9429309,30.058565500000004,1
restaurant,POINT (30.0582911 -1.9423055),-1.9423054999999998,30.058291099999995,1
restaurant,POINT (30.0570123 -1.9431283),-1.9431283,30.057012299999997,1
restaurant,POINT (30.0568929 -1.9433952),-1.9433952,30.0568929,1
restaurant,POINT (30.1114922 -1.9587811),-1.9587810999999997,30.111492199999997,1
restaurant,POINT (30.0845451 -1.9511757),-1.9511757,30.084545099999996,1
restaurant,POINT (30.0844468 -1.951284),-1.951284,30.08444679999999,1
cafe,POINT (30.1046537 -1.9544946),-1.9544946,30.104653699999997,1
restaurant,POINT (30.0650833 -1.9468329),-1.9468328999999995,30.065083300000005,1
cafe,POINT (30.101694 -1.9862772),-1.9862771999999995,30.10169399999999,1
restaurant,POINT (30.0595301 -1.9434745),-1.9434745,30.059530099999996,1
restaurant,POINT (30.0689605 -1.948866),-1.948866,30.068960499999992,1
cafe,POINT (30.0931429 -1.9530624),-1.9530623999999996,30.0931429,1
restaurant,POINT (30.0930185 -1.9529477),-1.9529477000000002,30.0930185,1
restaurant,POINT (30.0926995 -1.9526831),-1.9526831,30.09269949999999,1
restaurant,POINT (30.0928765 -1.9528775),-1.9528775,30.0928765,1
bar,POINT (30.1103472 -1.9596371),-1.9596371,30.110347199999996,1
cafe,POINT (30.0612544 -1.9450231),-1.9450231,30.061254400000003,1
restaurant,POINT (30.0954877 -1.940752),-1.9407520000000003,30.0954877,1
restaurant,POINT (30.0617039 -1.9341132),-1.9341131999999999,30.061703899999998,1
cafe,POINT (30.0911784 -1.9498599),-1.9498599,30.091178400000004,1
restaurant,POINT (30.1125255 -1.961335),-1.9613350000000003,30.112525500000004,1
restaurant,POINT (30.1122978 -1.9614237),-1.9614236999999999,30.112297799999997,1
restaurant,POINT (30.0666325 -1.9564433),-1.9564433,30.066632499999997,1
supermarket,POINT (30.0635958 -1.9434698),-1.9434698,30.063595799999998,1
restaurant,POINT (30.1107211 -1.9267068),-1.9267068000000003,30.110721099999996,1
restaurant,POINT (30.1029927 -1.949534),-1.949534,30.1029927,1
restaurant,POINT (30.2107625 -1.9814716),-1.9814716,30.210762500000005,1
pharmacy,POINT (30.1627884 -1.967317),-1.967317,30.162788399999997,1
restaurant,POINT (30.1932094 -1.9846138),-1.9846138000000002,30.193209399999994,1
restaurant,POINT (30.1202199 -1.959795),-1.9597949999999997,30.1202199,1
cafe,POINT (30.0806847 -1.9543643),-1.9543643,30.0806847,1
cafe,POINT (30.0805966 -1.9543712),-1.9543711999999998,30.080596600000003,1
bank,POINT (30.044703 -1.942052),-1.942051999999999,30.044703,1
pharmacy,POINT (30.0456848 -1.9416145),-1.9416145000000002,30.045684799999997,1
bank,POINT (30.0460952 -1.9414277),-1.9414277,30.0460952,1
bar,POINT (30.0440661 -1.9424392),-1.9424392,30.044066100000002,1
restaurant,POINT (30.0446537 -1.9422041),-1.9422041000000003,30.044653699999994,1
cafe,POINT (30.0440193 -1.9405785),-1.9405785,30.044019299999995,1
restaurant,POINT (30.0454194 -1.9417721),-1.9417720999999997,30.045419399999997,1
restaurant,POINT (30.0445964 -1.941479),-1.9414789999999995,30.044596399999993,1
bank,POINT (30.0454505 -1.9416926),-1.9416926000000003,30.045450499999994,1
restaurant,POINT (30.0449786 -1.9413093),-1.9413093,30.044978599999997,1
bank,POINT (30.0456403 -1.9416407),-1.9416407,30.045640299999995,1
restaurant,POINT (30.0455743 -1.9416678),-1.9416677999999996,30.045574299999995,1
restaurant,POINT (30.0449574 -1.9401677),-1.9401676999999995,30.0449574,1
cafe,POINT (30.0440548 -1.9407136),-1.9407135999999996,30.044054799999998,1
bar,POINT (30.0273684 -1.9477657),-1.9477657,30.0273684,1
bar,POINT (30.0381091 -1.9435766),-1.9435765999999999,30.038109100000003,1
bar,POINT (30.1113576 -1.9602839),-1.9602839,30.1113576,1
restaurant,POINT (30.0598149 -1.949374),-1.949374,30.059814900000003,1
bank,POINT (30.0618624 -1.9510888),-1.9510888000000002,30.0618624,1
restaurant,POINT (30.1796277 -1.8066737),-1.8066736999999997,30.179627700000005,1
restaurant,POINT (30.0952186 -1.960852),-1.960852,30.095218600000003,1
cafe,POINT (30.0600311 -1.9641487),-1.9641487000000002,30.0600311,1
restaurant,POINT (30.0475291 -1.9742532),-1.9742532,30.04752909999999,1
bank,POINT (30.059817 -1.949161),-1.949161,30.059817000000002,1
restaurant,POINT (30.0837062 -1.9594743),-1.9594743,30.083706199999998,1
restaurant,POINT (30.0829331 -1.9598403),-1.9598403,30.082933100000005,1
restaurant,POINT (30.0818108 -1.9522267),-1.9522266999999998,30.081810800000003,1
bar,POINT (30.119294 -1.9969526),-1.9969526,30.119293999999996,1
cafe,POINT (30.0908973 -1.9416897),-1.9416897000000002,30.0908973,1
restaurant,POINT (30.1082852 -1.9755604),-1.9755604,30.108285199999997,1
cafe,POINT (30.0659408 -1.9557698),-1.9557697999999997,30.065940799999993,1
restaurant,POINT (30.061417 -1.9424688),-1.9424688000000003,30.061417,1
bar,POINT (30.059581 -1.9656686),-1.9656686000000003,30.059581000000005,1
restaurant,POINT (30.0608083 -1.942748),-1.942748,30.0608083,1
restaurant,POINT (30.0846998 -1.9358988),-1.9358987999999997,30.0846998,1
bank,POINT (30.0707225 -1.9240183),-1.9240183000000002,30.0707225,1
cafe,POINT (30.0769615 -1.9736591),-1.9736590999999999,30.0769615,1
supermarket,POINT (30.0587616 -1.9433162),-1.9433162,30.058761599999993,1
bank,POINT (30.0573625 -1.9469732),-1.9469732000000002,30.057362499999993,1
cafe,POINT (30.0722829 -1.9325187),-1.9325187,30.0722829,1
restaurant,POINT (30.0929006 -1.9528934),-1.9528934000000002,30.092900600000004,1
cafe,POINT (30.0914356 -1.9263555),-1.9263554999999999,30.091435599999997,1
restaurant,POINT (30.0919645 -1.9527306),-1.9527305999999998,30.0919645,1
restaurant,POINT (30.099766 -1.9434823),-1.9434823,30.099766000000002,1
restaurant,POINT (30.099734 -1.9435308),-1.9435307999999998,30.099733999999994,1
restaurant,POINT (30.0985556 -1.9330463),-1.9330462999999998,30.098555599999997,1
pharmacy,POINT (30.0775191 -1.9387313),-1.9387312999999997,30.077519099999996,1
supermarket,POINT (30.0773486 -1.9389566),-1.9389565999999996,30.077348599999997,1
supermarket,POINT (30.081003 -1.9493572),-1.9493571999999997,30.081003000000003,1
restaurant,POINT (30.0785332 -1.9473869),-1.9473869,30.078533200000003,1
cafe,POINT (30.1204608 -1.9618783),-1.9618783,30.120460799999993,1
restaurant,POINT (30.1054954 -1.9561038),-1.9561038,30.1054954,1
restaurant,POINT (30.1916201 -1.9938061),-1.9938061000000002,30.1916201,1
restaurant,POINT (30.1014296 -1.9375869),-1.9375869,30.1014296,1
cafe,POINT (30.0987788 -1.9320227),-1.9320227000000003,30.0987788,1
restaurant,POINT (30.0994032 -1.9361382),-1.9361382000000003,30.0994032,1
restaurant,POINT (30.0891156 -1.9456456),-1.9456456,30.089115599999996,1
cafe,POINT (30.0796326 -1.9467122),-1.9467122,30.0796326,1
cafe,POINT (30.0846443 -1.9510858),-1.9510858000000002,30.084644299999997,1
pharmacy,POINT (30.0588919 -1.9430115),-1.9430114999999997,30.0588919,1
restaurant,POINT (30.0614763 -1.9460536),-1.9460536,30.061476299999995,1
restaurant,POINT (30.0637697 -1.9454256),-1.9454256,30.0637697,1
restaurant,POINT (30.0950909 -1.9601916),-1.9601915999999995,30.09509089999999,1
pharmacy,POINT (30.0699447 -1.9243193),-1.9243192999999998,30.069944699999997,1
restaurant,POINT (30.0650917 -1.9473796),-1.9473795999999999,30.0650917,1
bar,POINT (30.111559 -1.9589281),-1.9589281,30.111558999999996,1
restaurant,POINT (30.1153267 -1.9517497),-1.9517497,30.115326699999994,1
cafe,POINT (30.068589 -1.9606523),-1.9606523000000002,30.068589,1
restaurant,POINT (30.1056769 -1.9626643),-1.9626643000000004,30.1056769,1
restaurant,POINT (30.0774406 -1.9391594),-1.9391594000000003,30.077440599999996,1
restaurant,POINT (30.1040264 -1.9568382),-1.9568381999999995,30.1040264,1
cafe,POINT (30.0835214 -1.9529412),-1.9529411999999995,30.083521400000002,1
bar,POINT (30.1187989 -1.959974),-1.9599740000000003,30.1187989,1
bar,POINT (30.1146223 -1.958087),-1.958087,30.114622300000004,1
bank,POINT (30.061855 -1.9482091),-1.9482091000000001,30.061855,1
bar,POINT (30.0533043 -1.9006382),-1.9006382,30.0533043,1
bar,POINT (30.0531782 -1.9011143),-1.9011143,30.053178199999994,1
cafe,POINT (30.0608708 -1.9463779),-1.9463778999999997,30.060870799999993,1
restaurant,POINT (30.081562 -1.9521764),-1.9521764,30.081561999999998,1
restaurant,POINT (30.0601129 -1.9649077),-1.9649077,30.060112899999996,1
bar,POINT (30.0579126 -1.9694353),-1.9694353000000002,30.0579126,1
bar,POINT (30.079725 -1.9465867),-1.9465866999999997,30.079725,1
bar,POINT (30.0792399 -1.9445691),-1.9445690999999998,30.079239899999997,1
supermarket,POINT (30.060837 -1.9461258),-1.9461258000000001,30.060837000000003,1
pharmacy,POINT (30.0600024 -1.9454629),-1.9454629000000003,30.060002399999995,1
bar,POINT (30.1129098 -1.9584419),-1.9584419,30.1129098,1
cafe,POINT (30.1125762 -1.9585021),-1.9585020999999998,30.1125762,1
cafe,POINT (30.1115687 -1.9581174),-1.9581173999999997,30.1115687,1
restaurant,POINT (30.1003118 -1.9266335),-1.9266335000000003,30.100311799999997,1
bank,POINT (30.0955227 -1.977207),-1.9772069999999995,30.0955227,1
bar,POINT (30.1345654 -1.9616848),-1.9616848,30.134565399999993,1
bank,POINT (30.1196002 -1.9581306),-1.9581306,30.1196002,1
bank,POINT (30.1196058 -1.9581367),-1.9581367,30.119605799999995,1
bank,POINT (30.1152746 -1.9572545),-1.9572545000000001,30.1152746,1
bank,POINT (30.1153462 -1.9573078),-1.9573077999999997,30.1153462,1
restaurant,POINT (30.1361224 -1.9605559),-1.9605558999999997,30.136122399999998,1
cafe,POINT (30.1189864 -1.9644561),-1.9644561,30.118986399999997,1
cafe,POINT (30.124963 -1.9625163),-1.9625162999999999,30.124963,1
supermarket,POINT (30.1234991 -1.9618527),-1.9618527,30.1234991,1
bank,POINT (30.1216416 -1.9609702),-1.9609701999999996,30.121641600000004,1
supermarket,POINT (30.121555 -1.9608591),-1.9608591,30.121555,1
pharmacy,POINT (30.1211049 -1.9614671),-1.9614671,30.12110489999999,1
bank,POINT (30.1198631 -1.9610222),-1.9610222,30.1198631,1
pharmacy,POINT (30.1029892 -2.0295413),-2.0295413,30.1029892,1
pharmacy,POINT (30.1031931 -1.9683333),-1.9683333000000003,30.103193100000002,1
pharmacy,POINT (30.1031563 -1.9682464),-1.9682464,30.10315629999999,1
pharmacy,POINT (30.1030963 -1.9677719),-1.9677718999999998,30.103096299999994,1
supermarket,POINT (30.1030638 -1.9676125),-1.9676125,30.103063799999994,1
pharmacy,POINT (30.1049088 -1.9784453),-1.9784452999999995,30.104908799999997,1
restaurant,POINT (30.0986733 -1.9923375),-1.9923375,30.098673300000005,1
pharmacy,POINT (30.1028987 -1.9855824),-1.9855823999999995,30.102898700000004,1
pharmacy,POINT (30.1037449 -1.9828724),-1.9828724,30.1037449,1
pharmacy,POINT (30.1038026 -1.9825765),-1.9825765,30.103802599999998,1
pharmacy,POINT (30.1046259 -1.9808439),-1.9808438999999998,30.104625899999995,1
pharmacy,POINT (30.1046407 -1.9806564),-1.9806564,30.104640700000004,1
pharmacy,POINT (30.1049091 -1.9786578),-1.9786578000000001,30.104909099999997,1
restaurant,POINT (30.0940901 -1.9997423),-1.9997423,30.094090099999992,1
pharmacy,POINT (30.1049083 -1.9783901),-1.9783900999999995,30.1049083,1
restaurant,POINT (30.1047346 -1.9779517),-1.9779516999999998,30.1047346,1
pharmacy,POINT (30.1047077 -1.9777909),-1.9777908999999996,30.104707700000002,1
pharmacy,POINT (30.1044226 -1.9765135),-1.9765135000000003,30.104422599999996,1
bar,POINT (30.105177 -1.9768027),-1.9768027,30.105177000000005,1
pharmacy,POINT (30.1044086 -1.9743693),-1.9743693,30.1044086,1
bar,POINT (30.104423 -1.9740553),-1.9740552999999998,30.104422999999993,1
bar,POINT (30.1045832 -1.9737078),-1.9737078000000001,30.104583199999993,1
cafe,POINT (30.1045226 -1.97367),-1.9736699999999998,30.10452259999999,1
pharmacy,POINT (30.1042566 -1.9735165),-1.9735164999999997,30.1042566,1
restaurant,POINT (30.1041274 -1.9733572),-1.9733572,30.104127399999992,1
bar,POINT (30.1040148 -1.9728699),-1.9728699000000003,30.1040148,1
cafe,POINT (30.1039484 -1.9727063),-1.9727063,30.103948400000004,1
restaurant,POINT (30.1038006 -1.9718192),-1.9718192000000003,30.1038006,1
bar,POINT (30.10305 -1.9702078),-1.9702078,30.103050000000003,1
bar,POINT (30.1037044 -1.9691676),-1.9691676,30.103704400000005,1
bar,POINT (30.1028179 -1.9686902),-1.9686901999999997,30.102817900000005,1
pharmacy,POINT (30.1042277 -1.9740808),-1.9740808,30.1042277,1
restaurant,POINT (30.0795277 -1.933409),-1.933409,30.079527699999996,1
bar,POINT (30.137094 -1.961967),-1.9619669999999996,30.137094,1
pharmacy,POINT (30.1322223 -1.9831454),-1.9831453999999995,30.1322223,1
cafe,POINT (30.1370294 -1.9618618),-1.9618618000000003,30.1370294,1
supermarket,POINT (30.1369915 -1.9615865),-1.9615865,30.1369915,1
pharmacy,POINT (30.1369802 -1.9611709),-1.9611709,30.136980199999996,1
supermarket,POINT (30.1366304 -1.9611527),-1.9611526999999995,30.1366304,1
pharmacy,POINT (30.1377665 -1.9604993),-1.9604993,30.1377665,1
pharmacy,POINT (30.1376682 -1.9606074),-1.9606073999999998,30.137668199999993,1
supermarket,POINT (30.146369 -1.9968214),-1.9968214,30.146369,1
pharmacy,POINT (30.1460371 -1.9964529),-1.9964528999999993,30.146037099999997,1
bar,POINT (30.1461478 -1.9961135),-1.9961135000000005,30.1461478,1
pharmacy,POINT (30.1454763 -1.9971076),-1.9971075999999999,30.145476300000002,1
pharmacy,POINT (30.1454641 -1.9985006),-1.9985006000000003,30.1454641,1
bar,POINT (30.1459943 -1.9981669),-1.9981668999999997,30.145994299999995,1
supermarket,POINT (30.1024017 -1.9681941),-1.9681941,30.102401699999998,1
bank,POINT (30.1176811 -1.9496844),-1.9496843999999998,30.1176811,1
pharmacy,POINT (30.1019123 -1.9678495),-1.9678495,30.101912300000002,1
pharmacy,POINT (30.0995786 -1.9717422),-1.9717422,30.0995786,1
cafe,POINT (30.0824033 -1.9505265),-1.9505264999999996,30.082403299999996,1
bar,POINT (30.0521774 -1.9520556),-1.9520555999999998,30.052177399999994,1
bank,POINT (30.0519027 -1.9524092),-1.9524092,30.0519027,1
bank,POINT (30.0445636 -1.9427704),-1.9427704,30.044563600000004,1
bank,POINT (30.0629919 -1.9348699),-1.9348698999999998,30.0629919,1
bank,POINT (30.0630897 -1.9349246),-1.9349246,30.0630897,1
restaurant,POINT (30.0755142 -1.929694),-1.9296939999999996,30.075514199999997,1
cafe,POINT (30.1027453 -1.9555924),-1.9555924,30.10274529999999,1
restaurant,POINT (30.0603275 -1.9647612),-1.9647612000000003,30.060327499999996,1
cafe,POINT (30.0601206 -1.9648375),-1.9648375000000002,30.060120600000005,1
bar,POINT (30.1741312 -1.9708051),-1.9708051000000002,30.174131199999994,1
pharmacy,POINT (30.174952 -1.9711214),-1.9711214,30.174952,1
bar,POINT (30.1703829 -1.9766339),-1.9766339000000002,30.170382900000003,1
bar,POINT (30.111142 -1.9592445),-1.9592444999999998,30.111141999999997,1
restaurant,POINT (30.0562867 -1.9422401),-1.9422401,30.056286699999994,1
bank,POINT (30.059566 -1.9429787),-1.9429787,30.059566,1
cafe,POINT (30.0722827 -1.9323041),-1.9323041,30.072282699999995,1
restaurant,POINT (30.1251684 -1.9498466),-1.9498465999999999,30.125168400000003,1
bar,POINT (30.0500792 -1.970763),-1.970763,30.0500792,1
restaurant,POINT (30.0959369 -1.9562576),-1.9562576,30.0959369,1
cafe,POINT (30.0600184 -1.9510666),-1.9510666,30.0600184,1
cafe,POINT (30.1233105 -1.9420674),-1.9420674,30.123310500000002,1
restaurant,POINT (30.1143744 -1.9317793),-1.9317793000000003,30.114374399999996,1
supermarket,POINT (30.1141305 -1.9316179),-1.9316179,30.1141305,1
restaurant,POINT (30.0819484 -1.9520593),-1.9520593000000002,30.081948399999995,1
supermarket,POINT (30.1586347 -1.9643425),-1.9643425,30.158634700000004,1
bank,POINT (30.1019423 -1.9675934),-1.9675933999999997,30.101942299999997,1
supermarket,POINT (30.1206506 -1.9624442),-1.9624442,30.120650600000005,1
bar,POINT (30.0194207 -1.9628735),-1.9628735,30.019420699999998,1
restaurant,POINT (30.05987 -1.9459462),-1.9459461999999996,30.059869999999997,1
supermarket,POINT (30.1487148 -1.9588904),-1.9588904,30.1487148,1
pharmacy,POINT (30.1367659 -1.9615348),-1.9615347999999995,30.136765900000004,1
restaurant,POINT (30.0837515 -1.9380681),-1.9380681000000002,30.083751499999998,1
restaurant,POINT (30.0598382 -1.9662102),-1.9662102,30.059838199999998,1
restaurant,POINT (30.1129508 -1.9589516),-1.9589516,30.112950800000004,1
restaurant,POINT (30.0599278 -1.9453752),-1.9453752000000002,30.0599278,1
pharmacy,POINT (30.1128315 -1.9293913),-1.9293913,30.1128315,1
pharmacy,POINT (30.1240439 -1.9502876),-1.9502875999999996,30.124043899999997,1
pharmacy,POINT (30.1243908 -1.9499683),-1.9499682999999999,30.124390800000004,1
pharmacy,POINT (30.0947944 -1.9767785),-1.9767785,30.094794399999994,1
pharmacy,POINT (30.1274929 -1.9484178),-1.9484177999999996,30.127492900000004,1
pharmacy,POINT (30.1270406 -1.9481853),-1.9481852999999996,30.127040599999997,1
pharmacy,POINT (30.0570273 -1.946477),-1.946477,30.0570273,1
pharmacy,POINT (30.0568895 -1.9464415),-1.9464415,30.056889500000004,1
pharmacy,POINT (30.0569988 -1.946186),-1.9461859999999995,30.056998800000002,1
pharmacy,POINT (30.0561172 -1.9449893),-1.9449893,30.0561172,1
pharmacy,POINT (30.0541765 -1.9217299),-1.9217298999999999,30.0541765,1
pharmacy,POINT (30.0564252 -1.9271933),-1.9271932999999999,30.0564252,1
pharmacy,POINT (30.056246 -1.9191648),-1.9191648,30.056245999999998,1
pharmacy,POINT (30.1262184 -1.9485866),-1.9485866000000003,30.126218400000003,1
pharmacy,POINT (30.1066491 -1.9581829),-1.9581829,30.106649100000002,1
pharmacy,POINT (30.106718 -1.9582517),-1.9582516999999995,30.106717999999997,1
pharmacy,POINT (30.1106216 -1.9586884),-1.9586884000000002,30.110621599999998,1
pharmacy,POINT (30.1116037 -1.9582155),-1.9582155000000003,30.111603699999996,1
pharmacy,POINT (30.1187459 -1.9537165),-1.9537165,30.118745899999997,1
pharmacy,POINT (30.1168635 -1.9563433),-1.9563433,30.116863499999994,1
pharmacy,POINT (30.0469218 -1.9403749),-1.9403748999999995,30.046921799999993,1
pharmacy,POINT (30.0468913 -1.9403704),-1.9403703999999995,30.0468913,1
pharmacy,POINT (30.0472485 -1.9399512),-1.9399512,30.0472485,1
pharmacy,POINT (30.0497372 -1.9381887),-1.9381887000000002,30.0497372,1
pharmacy,POINT (30.0541786 -1.9357686),-1.9357685999999996,30.0541786,1
pharmacy,POINT (30.0634079 -1.9351654),-1.9351654000000003,30.063407900000005,1
pharmacy,POINT (30.0619097 -1.9341259),-1.9341259000000002,30.061909699999994,1
pharmacy,POINT (30.0619254 -1.9340184),-1.9340184,30.061925399999996,1
pharmacy,POINT (30.0619568 -1.9335164),-1.9335163999999998,30.061956799999994,1
pharmacy,POINT (30.0644586 -1.9300188),-1.9300188,30.064458600000002,1
pharmacy,POINT (30.0643716 -1.9276933),-1.9276932999999998,30.0643716,1
pharmacy,POINT (30.0581071 -1.9309935),-1.9309935,30.058107099999994,1
pharmacy,POINT (30.0574077 -1.9289113),-1.9289113,30.0574077,1
pharmacy,POINT (30.0554625 -1.9257925),-1.9257925000000002,30.055462500000004,1
pharmacy,POINT (30.0554625 -1.9257925),-1.9257925000000002,30.055462500000004,1
pharmacy,POINT (30.0554625 -1.9257925),-1.9257925000000002,30.055462500000004,1
pharmacy,POINT (30.0554625 -1.9257925),-1.9257925000000002,30.055462500000004,1
pharmacy,POINT (30.0554625 -1.9257925),-1.9257925000000002,30.055462500000004,1
pharmacy,POINT (30.0554625 -1.9257925),-1.9257925000000002,30.055462500000004,1
pharmacy,POINT (30.0554625 -1.9257925),-1.9257925000000002,30.055462500000004,1
pharmacy,POINT (30.0554625 -1.9257925),-1.9257925000000002,30.055462500000004,1
pharmacy,POINT (30.0546622 -1.9244027),-1.9244027,30.054662200000003,1
pharmacy,POINT (30.1106206 -1.9584842),-1.9584842,30.110620599999994,1
pharmacy,POINT (30.1102953 -1.9589039),-1.9589039,30.1102953,1
pharmacy,POINT (30.1102953 -1.9589039),-1.9589039,30.1102953,1
pharmacy,POINT (30.1102953 -1.9589039),-1.9589039,30.1102953,1
pharmacy,POINT (30.1070481 -1.9605599),-1.9605599,30.107048100000004,1
pharmacy,POINT (30.1102953 -1.9589039),-1.9589039,30.1102953,1
pharmacy,POINT (30.1075345 -1.9607612),-1.9607612,30.107534499999993,1
pharmacy,POINT (30.1073293 -1.9607456),-1.9607456,30.107329300000004,1
pharmacy,POINT (30.1018733 -1.9678086),-1.9678086,30.101873299999994,1
pharmacy,POINT (30.1049209 -1.9746465),-1.9746464999999997,30.1049209,1
pharmacy,POINT (30.0599645 -1.9274822),-1.9274822000000003,30.0599645,1
pharmacy,POINT (30.0591436 -1.9280682),-1.9280681999999996,30.059143600000002,1
pharmacy,POINT (30.0584226 -1.9280144),-1.9280144,30.0584226,1
pharmacy,POINT (30.0871058 -1.9135233),-1.9135232999999996,30.087105799999996,1
pharmacy,POINT (30.0845718 -1.9126437),-1.9126437,30.084571799999996,1
pharmacy,POINT (30.0869019 -1.9131317),-1.9131317,30.086901899999997,1
pharmacy,POINT (30.08538 -1.912656),-1.9126560000000001,30.08538,1
pharmacy,POINT (30.0838502 -1.9126745),-1.9126745,30.0838502,1
pharmacy,POINT (30.1248747 -1.9495993),-1.9495993000000003,30.124874699999992,1
pharmacy,POINT (30.1285069 -1.9472115),-1.9472115,30.128506900000005,1
pharmacy,POINT (30.1272578 -1.948168),-1.9481679999999995,30.1272578,1
pharmacy,POINT (30.1278977 -1.9475051),-1.9475051000000003,30.12789769999999,1
pharmacy,POINT (30.1279552 -1.9474475),-1.9474475,30.12795519999999,1
pharmacy,POINT (30.1281177 -1.9466717),-1.9466716999999996,30.128117700000004,1
pharmacy,POINT (30.1282561 -1.9464987),-1.9464986999999996,30.128256099999994,1
pharmacy,POINT (30.1282704 -1.9465857),-1.9465857000000002,30.128270400000005,1
pharmacy,POINT (30.0482063 -1.9211205),-1.9211205000000002,30.0482063,1
pharmacy,POINT (30.130363 -1.941768),-1.941768,30.130363,1
pharmacy,POINT (30.1304932 -1.9417843),-1.9417843,30.1304932,1
pharmacy,POINT (30.1304932 -1.9417843),-1.9417843,30.1304932,1
pharmacy,POINT (30.1304932 -1.9417843),-1.9417843,30.1304932,1
pharmacy,POINT (30.1265196 -1.9484537),-1.9484537000000002,30.126519600000005,1
pharmacy,POINT (30.128027 -1.9471318),-1.9471318,30.128027,1
pharmacy,POINT (30.1304932 -1.9417843),-1.9417843,30.1304932,1
pharmacy,POINT (30.1279798 -1.9468138),-1.9468138,30.12797979999999,1
pharmacy,POINT (30.1265639 -1.948529),-1.948529,30.1265639,1
pharmacy,POINT (30.1265639 -1.948529),-1.948529,30.1265639,1
pharmacy,POINT (30.1265639 -1.948529),-1.948529,30.1265639,1
pharmacy,POINT (30.1265639 -1.948529),-1.948529,30.1265639,1
pharmacy,POINT (30.1266887 -1.94787),-1.94787,30.126688700000003,1
pharmacy,POINT (30.2244054 -1.9796051),-1.9796050999999995,30.224405400000002,1
pharmacy,POINT (30.0664532 -1.9198072),-1.9198072000000002,30.0664532,1
pharmacy,POINT (30.0535629 -1.9558171),-1.9558170999999998,30.053562900000003,1
pharmacy,POINT (30.086818 -1.9131856),-1.9131855999999996,30.086817999999997,1
pharmacy,POINT (30.1702756 -1.9756352),-1.9756352,30.1702756,1
pharmacy,POINT (30.0563633 -1.9274114),-1.9274113999999998,30.0563633,1
pharmacy,POINT (30.1270181 -1.9494396),-1.9494396,30.127018099999997,1
pharmacy,POINT (30.1367114 -1.9615047),-1.9615046999999999,30.136711399999992,1
pharmacy,POINT (30.0571836 -1.9462984),-1.9462983999999997,30.0571836,1
pharmacy,POINT (30.1825644 -1.9730891),-1.9730890999999995,30.1825644,1
pharmacy,POINT (30.0546571 -1.9739051),-1.9739051,30.054657099999996,1
pharmacy,POINT (30.0439804 -1.9418697),-1.9418696999999998,30.04398039999999,1
pharmacy,POINT (30.0709519 -1.9233182),-1.9233181999999995,30.0709519,1
pharmacy,POINT (30.1338542 -1.9354742),-1.9354742000000003,30.133854200000002,1
pharmacy,POINT (30.1024125 -1.9678529),-1.9678529000000002,30.102412499999996,1
pharmacy,POINT (30.0964894 -1.9688441),-1.9688441,30.0964894,1
pharmacy,POINT (30.0707984 -1.9296728),-1.9296728000000003,30.070798400000005,1
pharmacy,POINT (30.0478596 -1.94005),-1.9400499999999998,30.047859600000002,1
pharmacy,POINT (30.0960088 -1.9904768),-1.9904767999999997,30.096008799999996,1
pharmacy,POINT (30.0929992 -1.9531973),-1.9531972999999998,30.0929992,1
pharmacy,POINT (30.057795 -1.9682095),-1.9682094999999997,30.057794999999995,1
pharmacy,POINT (30.0456391 -1.9415781),-1.9415781,30.0456391,1
pharmacy,POINT (30.1031573 -1.9713871),-1.9713871000000003,30.103157299999992,1
pharmacy,POINT (30.12141 -1.9683499),-1.9683499,30.12141,1
pharmacy,POINT (30.0993425 -1.9366119),-1.936611899999999,30.099342499999995,1
pharmacy,POINT (30.1046513 -1.9752155),-1.9752154999999998,30.104651299999997,1
pharmacy,POINT (30.0570472 -1.947453),-1.9474529999999999,30.057047199999992,1
pharmacy,POINT (30.0540579 -1.9583123),-1.9583123,30.0540579,1
pharmacy,POINT (30.1623879 -1.9667927),-1.9667926999999996,30.1623879,1
pharmacy,POINT (30.0683376 -1.9957235),-1.9957235000000002,30.068337600000003,1
pharmacy,POINT (30.1327701 -1.9356116),-1.9356116,30.1327701,1
pharmacy,POINT (30.0775225 -1.9705124),-1.9705123999999996,30.0775225,1
pharmacy,POINT (30.0648732 -1.9144772),-1.9144772,30.0648732,1
pharmacy,POINT (30.05283 -1.9759174),-1.9759174000000002,30.052829999999997,1
pharmacy,POINT (30.0775105 -1.9469681),-1.9469680999999996,30.077510499999995,1
pharmacy,POINT (30.0618248 -1.9340697),-1.9340697,30.0618248,1
pharmacy,POINT (30.1157402 -1.9585986),-1.9585986000000002,30.115740199999998,1
pharmacy,POINT (30.0956454 -1.9249641),-1.9249641000000002,30.095645400000002,1
pharmacy,POINT (30.2427234 -1.9529146),-1.9529145999999995,30.242723399999996,1
pharmacy,POINT (30.0492729 -1.9781002),-1.9781002,30.04927289999999,1
pharmacy,POINT (30.0474995 -1.9408725),-1.9408725,30.047499499999994,1
pharmacy,POINT (30.1030104 -1.9856041),-1.9856041,30.103010400000002,1
pharmacy,POINT (30.0568888 -1.946101),-1.9461010000000003,30.056888799999992,1
pharmacy,POINT (30.0765657 -1.9743427),-1.9743426999999996,30.076565699999996,1
pharmacy,POINT (30.0793134 -1.904831),-1.9048309999999997,30.079313399999997,1
pharmacy,POINT (30.046505 -1.9910175),-1.9910175,30.046505,1
pharmacy,POINT (30.059497 -1.941265),-1.9412650000000002,30.059497000000004,1
pharmacy,POINT (30.1350298 -1.9752598),-1.9752598,30.135029800000005,1
pharmacy,POINT (30.050228 -1.9822198),-1.9822198,30.050228,1
pharmacy,POINT (30.0719596 -1.9314602),-1.9314602000000003,30.071959599999996,1
pharmacy,POINT (30.1349086 -1.9756439),-1.9756438999999997,30.1349086,1
pharmacy,POINT (30.0763139 -1.9002476),-1.9002476,30.0763139,1
pharmacy,POINT (30.0464111 -1.9280478),-1.9280477999999996,30.0464111,1
pharmacy,POINT (30.0601742 -1.9640235),-1.9640235,30.0601742,1
pharmacy,POINT (30.1267005 -1.9399845),-1.9399844999999998,30.12670049999999,1
pharmacy,POINT (30.2236087 -1.9799472),-1.9799472,30.2236087,1
pharmacy,POINT (30.0754059 -1.916128),-1.9161279999999998,30.075405899999996,1
pharmacy,POINT (30.2244142 -1.9799414),-1.9799414,30.2244142,1
pharmacy,POINT (30.0420566 -1.9804682),-1.9804681999999996,30.042056600000002,1
pharmacy,POINT (30.0490328 -1.9419476),-1.9419475999999996,30.049032799999992,1
pharmacy,POINT (30.1094991 -1.9591311),-1.9591311000000002,30.109499099999997,1
pharmacy,POINT (30.0608037 -1.9459359),-1.9459359,30.060803699999997,1
pharmacy,POINT (30.049 -1.9029009),-1.9029009,30.048999999999992,1
pharmacy,POINT (30.1104959 -1.9584164),-1.9584164,30.1104959,1
pharmacy,POINT (30.0862246 -1.866297),-1.8662969999999999,30.086224599999998,1
pharmacy,POINT (30.1915828 -2.0000224),-2.0000224,30.19158279999999,1
pharmacy,POINT (30.1193019 -1.960794),-1.960794,30.1193019,1
pharmacy,POINT (30.0761117 -1.9133396),-1.9133395999999998,30.076111700000002,1
pharmacy,POINT (30.0569907 -1.9468514),-1.9468513999999997,30.056990699999997,1
pharmacy,POINT (30.0782101 -1.9155585),-1.9155584999999995,30.0782101,1
pharmacy,POINT (30.1091981 -1.9591741),-1.9591741,30.109198099999997,1
pharmacy,POINT (30.129087 -1.942261),-1.942261,30.129087,1
pharmacy,POINT (30.0768884 -1.9805632),-1.9805631999999995,30.0768884,1
pharmacy,POINT (30.0705309 -1.9242278),-1.9242278,30.0705309,1
pharmacy,POINT (30.0540806 -1.9746659),-1.9746658999999995,30.054080600000002,1
pharmacy,POINT (30.047009 -1.9403953),-1.9403952999999994,30.047009,1
pharmacy,POINT (30.0590923 -1.9444391),-1.9444390999999999,30.059092299999993,1
pharmacy,POINT (30.1074967 -1.9607976),-1.9607975999999998,30.10749669999999,1
pharmacy,POINT (30.0924993 -1.952476),-1.9524759999999999,30.092499299999993,1
pharmacy,POINT (30.0958028 -1.9903262),-1.9903261999999997,30.095802800000005,1
pharmacy,POINT (30.1283005 -1.9465603),-1.9465603000000002,30.128300499999998,1
pharmacy,POINT (30.2131743 -1.9923275),-1.9923274999999998,30.21317429999999,1
pharmacy,POINT (30.0584235 -1.9417765),-1.9417765000000002,30.058423499999993,1
pharmacy,POINT (30.0564205 -1.9185396),-1.9185396,30.056420499999994,1
pharmacy,POINT (30.0576744 -1.9684952),-1.9684952,30.0576744,1
pharmacy,POINT (30.091734 -1.9450009),-1.9450008999999997,30.09173399999999,1
pharmacy,POINT (30.1101536 -1.9590856),-1.9590855999999999,30.110153599999997,1
pharmacy,POINT (30.0577822 -1.92373),-1.92373,30.0577822,1
pharmacy,POINT (30.0925916 -1.9688895),-1.9688895000000002,30.092591600000002,1
pharmacy,POINT (30.127476 -1.9473756),-1.9473756,30.127475999999998,1
pharmacy,POINT (30.0865182 -1.9431989),-1.9431988999999998,30.086518199999997,1
pharmacy,POINT (30.1177113 -1.9612009),-1.9612009000000001,30.117711299999993,1
pharmacy,POINT (30.0971616 -1.9254177),-1.9254176999999997,30.0971616,1
pharmacy,POINT (30.0636349 -1.9567157),-1.9567157,30.063634899999993,1
pharmacy,POINT (30.1483671 -1.95863),-1.95863,30.148367100000005,1
pharmacy,POINT (30.0528156 -1.9618598),-1.9618598000000003,30.0528156,1
pharmacy,POINT (30.0853094 -1.9127888),-1.9127888,30.085309400000003,1
pharmacy,POINT (30.0948365 -1.9233512),-1.9233511999999995,30.094836499999992,1
pharmacy,POINT (30.0757263 -1.9137041),-1.9137041,30.0757263,1
pharmacy,POINT (30.1082559 -1.9757968),-1.9757967999999997,30.1082559,1
pharmacy,POINT (30.0764303 -1.9746891),-1.9746890999999995,30.07643029999999,1
pharmacy,POINT (30.0807116 -1.9361105),-1.9361105000000003,30.080711599999994,1
pharmacy,POINT (30.1920545 -1.9967951),-1.9967950999999997,30.192054499999998,1
pharmacy,POINT (30.1091065 -1.9604231),-1.9604230999999996,30.109106500000003,1
pharmacy,POINT (30.0647175 -1.9282436),-1.9282436000000003,30.064717500000004,1
pharmacy,POINT (30.0548778 -1.9607582),-1.9607582000000001,30.0548778,1
pharmacy,POINT (30.1281306 -1.9463614),-1.9463613999999996,30.128130599999995,1
pharmacy,POINT (30.1216121 -1.968677),-1.968677,30.1216121,1
pharmacy,POINT (30.077243 -1.9391856),-1.9391855999999998,30.077243,1
pharmacy,POINT (30.0902898 -2.0081875),-2.0081874999999996,30.090289799999997,1
pharmacy,POINT (30.1106118 -1.9585982),-1.9585982,30.110611800000004,1
pharmacy,POINT (30.0371866 -1.9799024),-1.9799024,30.037186600000002,1
pharmacy,POINT (30.0993972 -1.93573),-1.9357300000000002,30.099397200000002,1
pharmacy,POINT (30.1691008 -1.976573),-1.9765730000000001,30.1691008,1
pharmacy,POINT (30.0669518 -1.9152687),-1.9152687,30.066951799999995,1
pharmacy,POINT (30.0489765 -1.9872043),-1.9872042999999997,30.0489765,1
pharmacy,POINT (30.0470438 -1.940119),-1.940119,30.0470438,1
pharmacy,POINT (30.1029478 -1.9668447),-1.9668446999999996,30.1029478,1
pharmacy,POINT (30.0851403 -1.9774838),-1.9774838000000001,30.0851403,1
pharmacy,POINT (30.0545222 -1.9004096),-1.9004096,30.0545222,1
pharmacy,POINT (30.0763905 -1.9125668),-1.9125668,30.076390500000002,1
pharmacy,POINT (30.1199185 -1.9656271),-1.9656271,30.119918499999997,1
pharmacy,POINT (30.0612486 -1.9644204),-1.9644204000000007,30.061248599999992,1
pharmacy,POINT (30.0595445 -1.9448004),-1.9448004,30.059544499999994,1
pharmacy,POINT (30.1043496 -1.9812685),-1.9812685,30.104349599999992,1
pharmacy,POINT (30.062424 -1.9370865),-1.9370864999999997,30.062424,1
pharmacy,POINT (30.1298752 -1.9443857),-1.9443856999999993,30.1298752,1
pharmacy,POINT (30.158971 -1.9721433),-1.9721433,30.158971000000005,1
pharmacy,POINT (30.1745091 -1.9333535),-1.9333535,30.1745091,1
pharmacy,POINT (30.0707702 -1.9871876),-1.9871876,30.070770199999995,1
pharmacy,POINT (30.1156946 -1.9602871),-1.9602871000000002,30.115694599999998,1
pharmacy,POINT (30.0634254 -1.9351492),-1.9351492000000001,30.063425399999996,1
pharmacy,POINT (30.0493723 -1.9935784),-1.9935783999999996,30.049372300000005,1
pharmacy,POINT (30.0171546 -1.9622577),-1.9622577,30.0171546,1
pharmacy,POINT (30.0941773 -1.9454587),-1.9454586999999999,30.094177300000002,1
pharmacy,POINT (30.069961 -1.9468174),-1.9468173999999996,30.069960999999992,1
pharmacy,POINT (30.0762953 -1.9131699),-1.9131698999999998,30.076295299999998,1
pharmacy,POINT (30.1020343 -1.9800261),-1.9800260999999997,30.1020343,1
pharmacy,POINT (30.1688623 -1.976586),-1.9765859999999997,30.168862300000004,1
pharmacy,POINT (30.2415094 -1.9518002),-1.9518001999999999,30.241509399999995,1
pharmacy,POINT (30.0614903 -1.9901965),-1.9901965,30.061490299999996,1
pharmacy,POINT (30.1126604 -1.9471311),-1.9471310999999996,30.112660399999992,1
pharmacy,POINT (30.0768646 -1.9717011),-1.9717010999999998,30.076864599999997,1
pharmacy,POINT (30.0595771 -1.9430123),-1.9430123,30.0595771,1
pharmacy,POINT (30.103057 -1.9682033),-1.9682032999999999,30.103057,1
pharmacy,POINT (30.1129102 -1.9297433),-1.9297433,30.112910199999998,1
pharmacy,POINT (30.0655299 -1.9783713),-1.9783713,30.065529900000005,1
pharmacy,POINT (30.1208771 -1.9335802),-1.9335802,30.1208771,1
pharmacy,POINT (30.1073829 -1.983016),-1.983016,30.107382899999994,1
pharmacy,POINT (30.1312899 -1.9347132),-1.9347132,30.13128989999999,1
pharmacy,POINT (30.1755614 -1.9713208),-1.9713208000000002,30.175561400000003,1
pharmacy,POINT (30.0562977 -1.9272658),-1.9272658,30.0562977,1
pharmacy,POINT (30.058307 -1.9671956),-1.9671955999999997,30.058307,1
pharmacy,POINT (30.1300677 -1.9362531),-1.9362531000000003,30.130067700000005,1
pharmacy,POINT (30.0770614 -1.9395278),-1.9395278,30.077061399999998,1
pharmacy,POINT (30.1064607 -1.9579387),-1.9579387,30.1064607,1
pharmacy,POINT (30.1435335 -1.9314645),-1.9314645000000001,30.143533499999993,1
pharmacy,POINT (30.1335536 -1.9800561),-1.9800560999999999,30.1335536,1
pharmacy,POINT (30.1350179 -1.9633119),-1.9633118999999997,30.135017899999998,1
pharmacy,POINT (30.1478731 -1.9368377),-1.9368377,30.147873099999998,1
pharmacy,POINT (30.1095028 -1.9818944),-1.9818944,30.109502799999994,1
pharmacy,POINT (30.0596129 -1.9464587),-1.9464587000000002,30.059612899999998,1
pharmacy,POINT (30.0605976 -1.9441156),-1.9441155999999997,30.060597599999994,1
pharmacy,POINT (30.0670699 -1.9152274),-1.9152274000000002,30.0670699,1
pharmacy,POINT (30.0800006 -1.905592),-1.905592,30.080000599999998,1
pharmacy,POINT (30.0585853 -1.9466837),-1.9466837,30.058585299999997,1
pharmacy,POINT (30.2246825 -1.9850577),-1.9850577000000003,30.2246825,1
pharmacy,POINT (30.0588647 -1.9429671),-1.9429670999999997,30.058864700000004,1
pharmacy,POINT (30.0558176 -1.9263996),-1.9263996,30.0558176,1
pharmacy,POINT (30.0537383 -1.9746416),-1.9746416,30.0537383,1
pharmacy,POINT (30.1115895 -1.9581439),-1.9581439,30.111589499999997,1
pharmacy,POINT (30.112735 -1.9578755),-1.9578755000000005,30.112735000000004,1
pharmacy,POINT (30.0570632 -1.9432754),-1.9432754,30.057063200000005,1
pharmacy,POINT (30.1704668 -1.9767546),-1.9767545999999996,30.1704668,1
pharmacy,POINT (30.0972514 -1.9261371),-1.9261371,30.097251400000005,1
pharmacy,POINT (30.1329474 -1.9468266),-1.9468265999999999,30.1329474,1
pharmacy,POINT (30.0580642 -1.9683551),-1.9683551000000001,30.0580642,1
pharmacy,POINT (30.0446357 -1.9422882),-1.9422882,30.0446357,1
pharmacy,POINT (30.0794352 -1.9041543),-1.9041542999999999,30.0794352,1
pharmacy,POINT (30.0772754 -1.9691775),-1.9691774999999998,30.077275399999998,1
pharmacy,POINT (30.0620457 -1.9424583),-1.9424582999999997,30.06204569999999,1
pharmacy,POINT (30.0962569 -1.9789975),-1.9789975,30.096256900000004,1
pharmacy,POINT (30.0592434 -1.9415978),-1.9415978,30.059243399999996,1
pharmacy,POINT (30.0769469 -1.9336267),-1.9336267000000003,30.076946899999996,1
pharmacy,POINT (30.1676388 -1.976242),-1.976242,30.1676388,1
pharmacy,POINT (30.050016 -1.9947263),-1.9947263,30.050015999999996,1
pharmacy,POINT (30.0500741 -1.9962455),-1.9962455,30.0500741,1
pharmacy,POINT (30.050201 -1.9951453),-1.9951453000000003,30.050201,1
cafe,POINT (30.1065835 -1.9565643),-1.9565642999999995,30.1065835,1
supermarket,POINT (30.1043644 -1.9451587),-1.9451586999999997,30.104364399999998,1
cafe,POINT (30.0796122 -1.9413803),-1.9413802999999996,30.0796122,1
restaurant,POINT (30.0597934 -1.9493205),-1.9493205,30.059793399999993,1
restaurant,POINT (30.0600532 -1.9655963),-1.9655962999999999,30.060053200000002,1
restaurant,POINT (30.1028246 -1.9625659),-1.9625659,30.1028246,1
restaurant,"POLYGON ((30.0869271 -1.9567544, 30.0869693 -1.9567568, 30.0870094 -1.9567704, 30.0870442 -1.9567944, 30.0870714 -1.9568268, 30.0870888 -1.9568653, 30.0870952 -1.9569071, 30.08709 -1.9569491, 30.0870738 -1.9569881, 30.0870477 -1.9570213, 30.0870135 -1.9570463, 30.0869739 -1.9570611, 30.0869318 -1.9570648, 30.0868934 -1.957058, 30.0868579 -1.9570419, 30.0868276 -1.9570175, 30.0868043 -1.9569863, 30.0867894 -1.9569503, 30.0867839 -1.9569118, 30.0867882 -1.9568731, 30.086802 -1.9568367, 30.0868244 -1.9568048, 30.086854 -1.9567795, 30.086889 -1.9567623, 30.0869271 -1.9567544))",-1.9569094405416867,30.08693945111143,1
restaurant,"POLYGON ((30.0661045 -1.9473878, 30.0661127 -1.9471468, 30.0659881 -1.9471427, 30.0659696 -1.9471719, 30.0658423 -1.9471648, 30.0658306 -1.9473749, 30.0661045 -1.9473878))",-1.9472690960694938,30.06597710176982,1
cafe,"POLYGON ((30.0593521 -1.9508453, 30.059761 -1.9507853, 30.0597773 -1.9508956, 30.0593669 -1.9509558, 30.0593778 -1.9510371, 30.0598074 -1.950974, 30.0597666 -1.9506971, 30.0593407 -1.9507597, 30.0593521 -1.9508453))",-1.9508651038533802,30.05957857871764,1
restaurant,"POLYGON ((30.0830938 -1.9542661, 30.0830985 -1.9544448, 30.0831272 -1.954444, 30.0831283 -1.9544883, 30.0833166 -1.9544833, 30.0833123 -1.9543198, 30.0832565 -1.9543213, 30.0832559 -1.9542977, 30.0832549 -1.9542618, 30.0830938 -1.9542661))",-1.9543783911352357,30.083201917522004,1
restaurant,"POLYGON ((30.1082147 -1.9636861, 30.1082618 -1.9637496, 30.1083123 -1.9637122, 30.1082652 -1.9636487, 30.1082147 -1.9636861))",-1.963699150000522,30.10826349999999,1
restaurant,"POLYGON ((30.1033707 -1.9546399, 30.1036671 -1.954507, 30.1041405 -1.954865, 30.1036738 -1.9551948, 30.1033707 -1.9546399))",-1.9548265004843022,30.103727618333533,1
supermarket,"POLYGON ((30.0537724 -1.959466, 30.0539199 -1.9594365, 30.0541131 -1.9593561, 30.0543437 -1.9592221, 30.0544483 -1.9591417, 30.0545061 -1.959122, 30.0547153 -1.9595696, 30.0542606 -1.959785, 30.0540809 -1.9598708, 30.0539682 -1.959903, 30.0539253 -1.9599298, 30.0538877 -1.9599325, 30.0537724 -1.959466))",-1.95954142070466,30.054231693959235,1
restaurant,"POLYGON ((30.0815488 -1.9518857, 30.0816189 -1.9517533, 30.0817371 -1.9518158, 30.0816669 -1.9519483, 30.0815488 -1.9518857))",-1.9518507762709107,30.081642935697168,1
cafe,"POLYGON ((30.0793583 -1.9488775, 30.0795331 -1.9489257, 30.079639 -1.9489549, 30.0796084 -1.9490659, 30.079675 -1.9490842, 30.0796394 -1.949213, 30.0794012 -1.9491473, 30.0794365 -1.9490197, 30.0793274 -1.9489896, 30.0793583 -1.9488775))",-1.9490430992824517,30.079510263357665,1
restaurant,"POLYGON ((30.0810215 -1.9495233, 30.0811186 -1.9494595, 30.0811936 -1.9495734, 30.0812502 -1.9496594, 30.0811763 -1.9497079, 30.0811329 -1.9496419, 30.0811096 -1.9496572, 30.0810215 -1.9495233))",-1.949583515238562,30.081135228300397,1
supermarket,"POLYGON ((30.0765231 -1.9804981, 30.0766347 -1.9804902, 30.0766397 -1.9805605, 30.0765605 -1.980566, 30.0765612 -1.980576, 30.0765288 -1.9805783, 30.0765231 -1.9804981))",-1.9805309679779044,30.07657995231917,1
restaurant,"POLYGON ((30.0795468 -1.9468186, 30.0794943 -1.9466558, 30.0797562 -1.9465715, 30.0798086 -1.9467342, 30.0795468 -1.9468186))",-1.9466950269960221,30.0796514579148,1
restaurant,"POLYGON ((30.0698591 -1.9574532, 30.0699258 -1.9573026, 30.0700737 -1.9573681, 30.070007 -1.9575186, 30.0698591 -1.9574532))",-1.957410618831274,30.06996639454773,1
restaurant,"POLYGON ((30.0972182 -1.9323138, 30.097354 -1.9323027, 30.0973771 -1.9322736, 30.0973802 -1.9322233, 30.0973552 -1.9322023, 30.0972202 -1.9322081, 30.0972182 -1.9323138))",-1.9322560070906398,30.097295371420618,1
cafe,"POLYGON ((30.0535179 -1.9552902, 30.0535831 -1.9554452, 30.0536566 -1.9554125, 30.0535913 -1.9552494, 30.0535179 -1.9552902))",-1.9553487122517845,30.053587287263614,1
restaurant,"POLYGON ((30.1025224 -1.9403696, 30.1025684 -1.9404227, 30.1026574 -1.940361, 30.1025928 -1.9402749, 30.102554 -1.9403036, 30.1025224 -1.9403696))",-1.9403511040943968,30.10258532734537,1
restaurant,"POLYGON ((30.1030875 -1.9528326, 30.1031119 -1.9527091, 30.1032224 -1.9527308, 30.1031981 -1.9528544, 30.1030875 -1.9528326))",-1.952781736868264,30.103154978650753,1
restaurant,"POLYGON ((30.1027209 -1.9504721, 30.1028214 -1.9503582, 30.1029154 -1.9504409, 30.1028149 -1.9505549, 30.1027209 -1.9504721))",-1.9504565334240964,30.10281814944627,1
restaurant,"POLYGON ((30.0669486 -1.9477617, 30.0669448 -1.9478394, 30.0669127 -1.9478378, 30.0669054 -1.9479875, 30.0668139 -1.947983, 30.0668152 -1.9479561, 30.0667136 -1.9479511, 30.0667121 -1.9479819, 30.0666386 -1.9479783, 30.0666421 -1.9479061, 30.0666783 -1.9479079, 30.0666849 -1.9477745, 30.0666247 -1.9477715, 30.0666275 -1.9477148, 30.0666918 -1.9477179, 30.0666903 -1.947749, 30.0669486 -1.9477617))",-1.947856722284451,30.066788220710894,1
restaurant,"POLYGON ((30.0931978 -1.9582752, 30.0931507 -1.9583612, 30.093224 -1.9584012, 30.0931877 -1.9584676, 30.0934396 -1.9584964, 30.0934492 -1.9584127, 30.0931978 -1.9582752))",-1.9584026670295673,30.0932985089294,1
restaurant,"POLYGON ((30.0630916 -1.9214076, 30.0630622 -1.9213793, 30.0632486 -1.9211861, 30.063278 -1.9212144, 30.0632532 -1.9212401, 30.0630916 -1.9214076))",-1.9212968503846877,30.063170098492577,1
restaurant,"POLYGON ((30.083354 -1.95144, 30.0833365 -1.9514617, 30.0833016 -1.9515048, 30.0833257 -1.9515243, 30.0832932 -1.9515645, 30.0834083 -1.9516574, 30.0834457 -1.9516112, 30.0834848 -1.9516428, 30.083537 -1.9515783, 30.083499 -1.9515476, 30.083484 -1.9515662, 30.083413 -1.9515088, 30.0834233 -1.951496, 30.083354 -1.95144))",-1.9515582821333504,30.083400333133035,1
cafe,"POLYGON ((30.1070228 -2.0288102, 30.1071654 -2.0288071, 30.1071658 -2.0288231, 30.1072582 -2.028821, 30.1072586 -2.0288391, 30.1073343 -2.0288374, 30.1073354 -2.0288828, 30.1072598 -2.0288845, 30.1072643 -2.0288997, 30.1071692 -2.0289018, 30.1071695 -2.0289173, 30.1070253 -2.0289205, 30.1070228 -2.0288102))",-2.028862853818641,30.10715407605267,1
cafe,"POLYGON ((30.2095185 -1.9839545, 30.2096216 -1.9840376, 30.2095209 -1.9841622, 30.2094179 -1.9840791, 30.2095185 -1.9839545))",-1.9840583466146733,30.2095197332942,1
restaurant,"POLYGON ((30.1339897 -1.941356, 30.1340018 -1.9413911, 30.1339746 -1.9414259, 30.1339779 -1.9414861, 30.1340446 -1.9415333, 30.1341247 -1.9414787, 30.1341167 -1.9414168, 30.1340873 -1.9413965, 30.1341026 -1.9413391, 30.1340362 -1.9413214, 30.1339897 -1.941356))",-1.9414284658166079,30.13404731669781,1
restaurant,"POLYGON ((30.1129364 -1.9588098, 30.112941 -1.9588949, 30.1127816 -1.958932, 30.1127894 -1.958997, 30.1131267 -1.9589196, 30.113102 -1.9587851, 30.1129364 -1.9588098))",-1.9588926712964405,30.11297868458981,1
cafe,"POLYGON ((30.102713 -1.965379, 30.1028872 -1.9656411, 30.1030447 -1.9655365, 30.1028899 -1.9653036, 30.10286 -1.9653015, 30.1027904 -1.9653276, 30.102713 -1.965379))",-1.9654610930275613,30.102879421119766,1
restaurant,"POLYGON ((30.1161168 -1.9587598, 30.116229 -1.9589005, 30.1163092 -1.9588398, 30.1164007 -1.9587681, 30.1162737 -1.9586424, 30.1161168 -1.9587598))",-1.9587691875926267,30.116255991972363,1
restaurant,"POLYGON ((30.1025877 -1.9649177, 30.1027039 -1.9648564, 30.1027744 -1.9649898, 30.1026582 -1.9650511, 30.1025877 -1.9649177))",-1.9649537500019536,30.102681049999827,1
restaurant,"POLYGON ((30.0899531 -1.9674556, 30.0899565 -1.9674313, 30.0900782 -1.9674333, 30.0900775 -1.9674735, 30.0901169 -1.9674742, 30.0901165 -1.967493, 30.0901495 -1.9674935, 30.0901479 -1.967592, 30.0900756 -1.9675908, 30.0900291 -1.9675903, 30.0900283 -1.9676345, 30.0899283 -1.9676334, 30.0899333 -1.9675977, 30.0899172 -1.9676031, 30.0899229 -1.9676201, 30.0898157 -1.9676559, 30.08981 -1.9676389, 30.0897063 -1.9676736, 30.0896869 -1.9675439, 30.0899531 -1.9674556))",-1.9675513279651933,30.08992268566486,1
cafe,"POLYGON ((30.1609694 -1.957986, 30.1610282 -1.9579356, 30.1610649 -1.9579784, 30.1610061 -1.9580287, 30.1609694 -1.957986))",-1.9579821663461925,30.161017154032447,1
supermarket,"POLYGON ((30.1034698 -1.9731444, 30.1035905 -1.9730827, 30.1036876 -1.9732726, 30.1035669 -1.9733343, 30.1034698 -1.9731444))",-1.9732085000035227,30.103578699999893,1
cafe,"POLYGON ((30.1025662 -1.971725, 30.1028073 -1.9716915, 30.1028221 -1.9717983, 30.1025811 -1.9718318, 30.1025662 -1.971725))",-1.971761646735205,30.102694171931596,1
supermarket,"POLYGON ((30.0747903 -1.9521854, 30.0748541 -1.9525025, 30.0750529 -1.9524626, 30.0749891 -1.9521455, 30.0747903 -1.9521854))",-1.9523240000078668,30.074921599999655,1
supermarket,"POLYGON ((30.1027419 -1.97131, 30.1029092 -1.9712951, 30.1029154 -1.9713648, 30.1027481 -1.9713797, 30.1027419 -1.97131))",-1.9713374000003945,30.102828649999875,1
